المحتوى,الصنف
ناقش البرلمان قانون جديد للإصلاح الاقتصادي,سياسي
عقد الرئيس اجتماعًا مع الوزراء لبحث الأوضاع,سياسي
تحدثت الحكومة عن خطط تطوير البنية التحتية,سياسي
تم توقيع اتفاقية تعاون بين الدولتين,سياسي
أعلنت وزارة الخارجية موقفها من الأزمة,سياسي
أجريت انتخابات برلمانية في البلاد,سياسي
ناقش المسؤولون قضايا الأمن القومي,سياسي
أصدر الرئيس قرارًا جديدًا,سياسي
اجتمع مجلس الوزراء لمناقشة الميزانية,سياسي
تم تعيين وزير جديد للدفاع,سياسي
دعت الحكومة إلى إصلاحات سياسية عاجلة,سياسي
تحدث السفير عن العلاقات الدولية,سياسي
تم الإعلان عن خطة تنموية جديدة,سياسي
ناقش البرلمان قضايا التعليم والصحة,سياسي
أجريت مفاوضات بين الأطراف المختلفة,سياسي
أعلن الحزب السياسي برنامجه الانتخابي,سياسي
تحدث المسؤول عن السياسة الخارجية,سياسي
تم عقد مؤتمر سياسي هام,سياسي
ناقش النواب القوانين الجديدة,سياسي
أعلنت الدولة عن قرارات اقتصادية جديدة,سياسي
زار الرئيس دولة مجاورة لتعزيز العلاقات,سياسي
تم توقيع اتفاقية سلام بين البلدين,سياسي
ناقشت الحكومة ملف البطالة,سياسي
تم تعديل الدستور في البلاد,سياسي
تحدث الوزير عن خطط الإصلاح,سياسي
أعلنت نتائج الانتخابات الرئاسية,سياسي
اجتمع القادة لمناقشة الأزمة,سياسي
تم إصدار قوانين جديدة,سياسي
ناقش البرلمان السياسات العامة,سياسي
أعلن الحزب عن مرشحيه,سياسي
تحدثت الحكومة عن دعم الاقتصاد,سياسي
تم عقد قمة سياسية دولية,سياسي
ناقش المسؤولون الوضع الإقليمي,سياسي
أعلنت الحكومة عن خطة جديدة,سياسي
تمت مناقشة قانون الضرائب,سياسي
تحدث الرئيس عن التحديات,سياسي
أعلنت الدولة عن قرارات جديدة,سياسي
ناقش المجلس القوانين,سياسي
تم تنظيم مؤتمر سياسي,سياسي
تحدث المسؤول عن السياسة العامة,سياسي
أعلنت الحكومة عن مشاريع جديدة,سياسي
تم عقد اجتماع سياسي هام,سياسي
ناقش البرلمان الإصلاحات,سياسي
تحدث الوزير عن خطط الدولة,سياسي
تم إصدار بيان سياسي رسمي,سياسي
ناقش القادة الوضع الدولي,سياسي
أعلنت الحكومة عن تغييرات جديدة,سياسي
تم عقد اجتماع طارئ,سياسي
تحدث المسؤول عن القرارات,سياسي
ناقش البرلمان القضايا الوطنية,سياسي

فاز الفريق في المباراة النهائية,رياضي
سجل اللاعب هدفًا رائعًا,رياضي
حقق الفريق انتصارًا كبيرًا,رياضي
أقيمت بطولة كرة القدم,رياضي
تألق الحارس في المباراة,رياضي
سجل المهاجم هدفين,رياضي
فاز المنتخب الوطني بالمباراة,رياضي
انتهت المباراة بالتعادل,رياضي
حقق الفريق بطولة الدوري,رياضي
تدرب اللاعبون استعدادًا للمباراة,رياضي
أحرز الفريق هدف الفوز,رياضي
خسر الفريق المباراة,رياضي
تأهل الفريق إلى النهائي,رياضي
سجل اللاعب هدفًا في الدقيقة الأخيرة,رياضي
حقق الفريق نتائج ممتازة,رياضي
تألق اللاعب في المباراة,رياضي
فاز الفريق بكأس البطولة,رياضي
انتهت المباراة بفوز كبير,رياضي
حقق اللاعب رقمًا قياسيًا,رياضي
أقيمت مباراة ودية,رياضي
فاز الفريق بنتيجة كبيرة,رياضي
سجل اللاعب هدف الفوز,رياضي
حقق المنتخب الفوز,رياضي
تأهل الفريق إلى الدور القادم,رياضي
تدرب الفريق بشكل مكثف,رياضي
سجل اللاعب هدفًا جميلًا,رياضي
حقق الفريق إنجازًا كبيرًا,رياضي
فاز الفريق بالمباراة النهائية,رياضي
أقيمت بطولة محلية,رياضي
تألق اللاعبون في المباراة,رياضي
حقق الفريق الفوز بسهولة,رياضي
سجل اللاعب هدف التعادل,رياضي
فاز المنتخب الوطني,رياضي
تأهل الفريق إلى نصف النهائي,رياضي
حقق الفريق نتائج جيدة,رياضي
سجل اللاعب هدفًا حاسمًا,رياضي
فاز الفريق بكأس العالم,رياضي
أقيمت مباراة قوية,رياضي
حقق الفريق الفوز في المباراة,رياضي
سجل اللاعب هدفًا رائعًا,رياضي
تأهل الفريق إلى النهائي,رياضي
حقق الفريق انتصارًا مهمًا,رياضي
سجل اللاعب هدف الفوز,رياضي
فاز الفريق بالمباراة,رياضي
أقيمت بطولة دولية,رياضي
حقق الفريق نتائج مميزة,رياضي
تألق الفريق في البطولة,رياضي
سجل اللاعب هدفًا جميلًا,رياضي
فاز الفريق بالبطولة,رياضي
حقق الفريق إنجازًا رياضيًا,رياضي